05;001;MEDELLIN;05001
05;002;ABEJORRAL;05002
05;004;ABRIAQUI;05004
05;021;ALEJANDRIA;05021
05;030;AMAGA;05030
05;031;AMALFI;05031
05;034;ANDES;05034
05;036;ANGELOPOLIS;05036
05;038;ANGOSTURA;05038
05;040;ANORI;05040
05;042;SANTAFE DE ANTIOQUIA;05042
05;044;ANZA;05044
05;045;APARTADO;05045
05;051;ARBOLETES;05051
05;055;ARGELIA;05055
05;059;ARMENIA;05059
05;079;BARBOSA;05079
05;086;BELMIRA;05086
05;088;BELLO;05088
05;091;BETANIA;05091
05;093;BETULIA;05093
05;101;CIUDAD BOLIVAR;05101
05;107;BRICEÑO;05107
05;113;BURITICA;05113
05;120;CACERES;05120
05;125;CAICEDO;05125
05;129;CALDAS;05129
05;134;CAMPAMENTO;05134
05;138;CAÑASGORDAS;05138
05;142;CARACOLI;05142
05;145;CARAMANTA;05145
05;147;CAREPA;05147
05;148;EL CARMEN DE VIBORAL;05148
05;150;CAROLINA;05150
05;154;CAUCASIA;05154
05;172;CHIGORODO;05172
05;190;CISNEROS;05190
05;197;COCORNA;05197
05;206;CONCEPCION;05206
05;209;CONCORDIA;05209
05;212;COPACABANA;05212
05;234;DABEIBA;05234
05;237;DON MATIAS;05237
05;240;EBEJICO;05240
05;250;EL BAGRE;05250
05;264;ENTRERRIOS;05264
05;266;ENVIGADO;05266
05;282;FREDONIA;05282
05;284;FRONTINO;05284
05;306;GIRALDO;05306
05;308;GIRARDOTA;05308
05;310;GOMEZ PLATA;05310
05;313;GRANADA;05313
05;315;GUADALUPE;05315
05;318;GUARNE;05318
05;321;GUATAPE;05321
05;347;HELICONIA;05347
05;353;HISPANIA;05353
05;360;ITAGUI;05360
05;361;ITUANGO;05361
05;364;JARDIN;05364
05;368;JERICO;05368
05;376;LA CEJA;05376
05;380;LA ESTRELLA;05380
05;390;LA PINTADA;05390
05;400;LA UNION;05400
05;411;LIBORINA;05411
05;425;MACEO;05425
05;440;MARINILLA;05440
05;467;MONTEBELLO;05467
05;475;MURINDO;05475
05;480;MUTATA;05480
05;483;NARIÑO;05483
05;490;NECOCLI;05490
05;495;NECHI;05495
05;501;OLAYA;05501
05;541;PEÐOL;05541
05;543;PEQUE;05543
05;576;PUEBLORRICO;05576
05;579;PUERTO BERRIO;05579
05;585;PUERTO NARE;05585
05;591;PUERTO TRIUNFO;05591
05;604;REMEDIOS;05604
05;607;RETIRO;05607
05;615;RIONEGRO;05615
05;628;SABANALARGA;05628
05;631;SABANETA;05631
05;642;SALGAR;05642
05;647;SAN ANDRES DE CUERQUIA;05647
05;649;SAN CARLOS;05649
05;652;SAN FRANCISCO;05652
05;656;SAN JERONIMO;05656
05;658;SAN JOSE DE LA MONTAÑA;05658
05;659;SAN JUAN DE URABA;05659
05;660;SAN LUIS;05660
05;664;SAN PEDRO;05664
05;665;SAN PEDRO DE URABA;05665
05;667;SAN RAFAEL;05667
05;670;SAN ROQUE;05670
05;674;SAN VICENTE;05674
05;679;SANTA BARBARA;05679
05;686;SANTA ROSA DE OSOS;05686
05;690;SANTO DOMINGO;05690
05;697;EL SANTUARIO;05697
05;736;SEGOVIA;05736
05;756;SONSON;05756
05;761;SOPETRAN;05761
05;789;TAMESIS;05789
05;790;TARAZA;05790
05;792;TARSO;05792
05;809;TITIRIBI;05809
05;819;TOLEDO;05819
05;837;TURBO;05837
05;842;URAMITA;05842
05;847;URRAO;05847
05;854;VALDIVIA;05854
05;856;VALPARAISO;05856
05;858;VEGACHI;05858
05;861;VENECIA;05861
05;873;VIGIA DEL FUERTE;05873
05;885;YALI;05885
05;887;YARUMAL;05887
05;890;YOLOMBO;05890
05;893;YONDO;05893
05;895;ZARAGOZA;05895
08;001;BARRANQUILLA;08001
08;078;BARANOA;08078
08;137;CAMPO DE LA CRUZ;08137
08;141;CANDELARIA;08141
08;296;GALAPA;08296
08;372;JUAN DE ACOSTA;08372
08;421;LURUACO;08421
08;433;MALAMBO;08433
08;436;MANATI;08436
08;520;PALMAR DE VARELA;08520
08;549;PIOJO;08549
08;558;POLONUEVO;08558
08;560;PONEDERA;08560
08;573;PUERTO COLOMBIA;08573
08;606;REPELON;08606
08;634;SABANAGRANDE;08634
08;638;SABANALARGA;08638
08;675;SANTA LUCIA;08675
08;685;SANTO TOMAS;08685
08;758;SOLEDAD;08758
08;770;SUAN;08770
08;832;TUBARA;08832
08;849;USIACURI;08849
11;001;BOGOTA, D.C.;11001
13;001;CARTAGENA;13001
13;006;ACHI;13006
13;030;ALTOS DEL ROSARIO;13030
13;042;ARENAL;13042
13;052;ARJONA;13052
13;062;ARROYOHONDO;13062
13;074;BARRANCO DE LOBA;13074
13;140;CALAMAR;13140
13;160;CANTAGALLO;13160
13;188;CICUCO;13188
13;212;CORDOBA;13212
13;222;CLEMENCIA;13222
13;244;EL CARMEN DE BOLIVAR;13244
13;248;EL GUAMO;13248
13;268;EL PEÑON;13268
13;300;HATILLO DE LOBA;13300
13;430;MAGANGUE;13430
13;433;MAHATES;13433
13;440;MARGARITA;13440
13;442;MARIA LA BAJA;13442
13;458;MONTECRISTO;13458
13;468;MOMPOS;13468
13;490;NOROSI;13490
13;473;MORALES;13473
13;549;PINILLOS;13549
13;580;REGIDOR;13580
13;600;RIO VIEJO;13600
13;620;SAN CRISTOBAL;13620
13;647;SAN ESTANISLAO;13647
13;650;SAN FERNANDO;13650
13;654;SAN JACINTO;13654
13;655;SAN JACINTO DEL CAUCA;13655
13;657;SAN JUAN NEPOMUCENO;13657
13;667;SAN MARTIN DE LOBA;13667
13;670;SAN PABLO;13670
13;673;SANTA CATALINA;13673
13;683;SANTA ROSA;13683
13;688;SANTA ROSA DEL SUR;13688
13;744;SIMITI;13744
13;760;SOPLAVIENTO;13760
13;780;TALAIGUA NUEVO;13780
13;810;TIQUISIO;13810
13;836;TURBACO;13836
13;838;TURBANA;13838
13;873;VILLANUEVA;13873
13;894;ZAMBRANO;13894
15;001;TUNJA;15001
15;022;ALMEIDA;15022
15;047;AQUITANIA;15047
15;051;ARCABUCO;15051
15;087;BELEN;15087
15;090;BERBEO;15090
15;092;BETEITIVA;15092
15;097;BOAVITA;15097
15;104;BOYACA;15104
15;106;BRICEÑO;15106
15;109;BUENAVISTA;15109
15;114;BUSBANZA;15114
15;131;CALDAS;15131
15;135;CAMPOHERMOSO;15135
15;162;CERINZA;15162
15;172;CHINAVITA;15172
15;176;CHIQUINQUIRA;15176
15;180;CHISCAS;15180
15;183;CHITA;15183
15;185;CHITARAQUE;15185
15;187;CHIVATA;15187
15;189;CIENEGA;15189
15;204;COMBITA;15204
15;212;COPER;15212
15;215;CORRALES;15215
15;218;COVARACHIA;15218
15;223;CUBARA;15223
15;224;CUCAITA;15224
15;226;CUITIVA;15226
15;232;CHIQUIZA;15232
15;236;CHIVOR;15236
15;238;DUITAMA;15238
15;244;EL COCUY;15244
15;248;EL ESPINO;15248
15;272;FIRAVITOBA;15272
15;276;FLORESTA;15276
15;293;GACHANTIVA;15293
15;296;GAMEZA;15296
15;299;GARAGOA;15299
15;317;GUACAMAYAS;15317
15;322;GUATEQUE;15322
15;325;GUAYATA;15325
15;332;GsICAN;15332
15;362;IZA;15362
15;367;JENESANO;15367
15;368;JERICO;15368
15;377;LABRANZAGRANDE;15377
15;380;LA CAPILLA;15380
15;401;LA VICTORIA;15401
15;403;LA UVITA;15403
15;407;VILLA DE LEYVA;15407
15;425;MACANAL;15425
15;442;MARIPI;15442
15;455;MIRAFLORES;15455
15;464;MONGUA;15464
15;466;MONGUI;15466
15;469;MONIQUIRA;15469
15;476;MOTAVITA;15476
15;480;MUZO;15480
15;491;NOBSA;15491
15;494;NUEVO COLON;15494
15;500;OICATA;15500
15;507;OTANCHE;15507
15;511;PACHAVITA;15511
15;514;PAEZ;15514
15;516;PAIPA;15516
15;518;PAJARITO;15518
15;522;PANQUEBA;15522
15;531;PAUNA;15531
15;533;PAYA;15533
15;537;PAZ DE RIO;15537
15;542;PESCA;15542
15;550;PISBA;15550
15;572;PUERTO BOYACA;15572
15;580;QUIPAMA;15580
15;599;RAMIRIQUI;15599
15;600;RAQUIRA;15600
15;621;RONDON;15621
15;632;SABOYA;15632
15;638;SACHICA;15638
15;646;SAMACA;15646
15;660;SAN EDUARDO;15660
15;664;SAN JOSE DE PARE;15664
15;667;SAN LUIS DE GACENO;15667
15;673;SAN MATEO;15673
15;676;SAN MIGUEL DE SEMA;15676
15;681;SAN PABLO DE BORBUR;15681
15;686;SANTANA;15686
15;690;SANTA MARIA;15690
15;693;SANTA ROSA DE VITERBO;15693
15;696;SANTA SOFIA;15696
15;720;SATIVANORTE;15720
15;723;SATIVASUR;15723
15;740;SIACHOQUE;15740
15;753;SOATA;15753
15;755;SOCOTA;15755
15;757;SOCHA;15757
15;759;SOGAMOSO;15759
15;761;SOMONDOCO;15761
15;762;SORA;15762
15;763;SOTAQUIRA;15763
15;764;SORACA;15764
15;774;SUSACON;15774
15;776;SUTAMARCHAN;15776
15;778;SUTATENZA;15778
15;790;TASCO;15790
15;798;TENZA;15798
15;804;TIBANA;15804
15;806;TIBASOSA;15806
15;808;TINJACA;15808
15;810;TIPACOQUE;15810
15;814;TOCA;15814
15;816;TOGsI;15816
15;820;TOPAGA;15820
15;822;TOTA;15822
15;832;TUNUNGUA;15832
15;835;TURMEQUE;15835
15;837;TUTA;15837
15;839;TUTAZA;15839
15;842;UMBITA;15842
15;861;VENTAQUEMADA;15861
15;879;VIRACACHA;15879
15;897;ZETAQUIRA;15897
17;001;MANIZALES;17001
17;013;AGUADAS;17013
17;042;ANSERMA;17042
17;050;ARANZAZU;17050
17;088;BELALCAZAR;17088
17;174;CHINCHINA;17174
17;272;FILADELFIA;17272
17;380;LA DORADA;17380
17;388;LA MERCED;17388
17;433;MANZANARES;17433
17;442;MARMATO;17442
17;444;MARQUETALIA;17444
17;446;MARULANDA;17446
17;486;NEIRA;17486
17;495;NORCASIA;17495
17;513;PACORA;17513
17;524;PALESTINA;17524
17;541;PENSILVANIA;17541
17;614;RIOSUCIO;17614
17;616;RISARALDA;17616
17;653;SALAMINA;17653
17;662;SAMANA;17662
17;665;SAN JOSE;17665
17;777;SUPIA;17777
17;867;VICTORIA;17867
17;873;VILLAMARIA;17873
17;877;VITERBO;17877
18;001;FLORENCIA;18001
18;029;ALBANIA;18029
18;094;BELEN DE LOS ANDAQUIES;18094
18;150;CARTAGENA DEL CHAIRA;18150
18;205;CURILLO;18205
18;247;EL DONCELLO;18247
18;256;EL PAUJIL;18256
18;410;LA MONTAÑITA;18410
18;460;MILAN;18460
18;479;MORELIA;18479
18;592;PUERTO RICO;18592
18;610;SAN JOSE DEL FRAGUA;18610
18;753;SAN VICENTE DEL CAGUAN;18753
18;756;SOLANO;18756
18;785;SOLITA;18785
18;860;VALPARAISO;18860
19;001;POPAYAN;19001
19;022;ALMAGUER;19022
19;050;ARGELIA;19050
19;075;BALBOA;19075
19;100;BOLIVAR;19100
19;110;BUENOS AIRES;19110
19;130;CAJIBIO;19130
19;137;CALDONO;19137
19;142;CALOTO;19142
19;212;CORINTO;19212
19;256;EL TAMBO;19256
19;290;FLORENCIA;19290
19;300;GUACHENE;19300
19;318;GUAPI;19318
19;355;INZA;19355
19;364;JAMBALO;19364
19;392;LA SIERRA;19392
19;397;LA VEGA;19397
19;418;LOPEZ;19418
19;450;MERCADERES;19450
19;455;MIRANDA;19455
19;473;MORALES;19473
19;513;PADILLA;19513
19;517;PAEZ;19517
19;532;PATIA;19532
19;533;PIAMONTE;19533
19;548;PIENDAMO;19548
19;573;PUERTO TEJADA;19573
19;585;PURACE;19585
19;622;ROSAS;19622
19;693;SAN SEBASTIAN;19693
19;698;SANTANDER DE QUILICHAO;19698
19;701;SANTA ROSA;19701
19;743;SILVIA;19743
19;760;SOTARA;19760
19;780;SUAREZ;19780
19;785;SUCRE;19785
19;807;TIMBIO;19807
19;809;TIMBIQUI;19809
19;821;TORIBIO;19821
19;824;TOTORO;19824
19;845;VILLA RICA;19845
20;001;VALLEDUPAR;20001
20;011;AGUACHICA;20011
20;013;AGUSTIN CODAZZI;20013
20;032;ASTREA;20032
20;045;BECERRIL;20045
20;060;BOSCONIA;20060
20;175;CHIMICHAGUA;20175
20;178;CHIRIGUANA;20178
20;228;CURUMANI;20228
20;238;EL COPEY;20238
20;250;EL PASO;20250
20;295;GAMARRA;20295
20;310;GONZALEZ;20310
20;383;LA GLORIA;20383
20;400;LA JAGUA DE IBIRICO;20400
20;443;MANAURE;20443
20;517;PAILITAS;20517
20;550;PELAYA;20550
20;570;PUEBLO BELLO;20570
20;614;RIO DE ORO;20614
20;621;LA PAZ;20621
20;710;SAN ALBERTO;20710
20;750;SAN DIEGO;20750
20;770;SAN MARTIN;20770
20;787;TAMALAMEQUE;20787
23;001;MONTERIA;23001
23;068;AYAPEL;23068
23;079;BUENAVISTA;23079
23;090;CANALETE;23090
23;162;CERETE;23162
23;168;CHIMA;23168
23;182;CHINU;23182
23;189;CIENAGA DE ORO;23189
23;300;COTORRA;23300
23;350;LA APARTADA;23350
23;417;LORICA;23417
23;419;LOS CORDOBAS;23419
23;464;MOMIL;23464
23;466;MONTELIBANO;23466
23;500;MOÑITOS;23500
23;555;PLANETA RICA;23555
23;570;PUEBLO NUEVO;23570
23;574;PUERTO ESCONDIDO;23574
23;580;PUERTO LIBERTADOR;23580
23;586;PURISIMA;23586
23;660;SAHAGUN;23660
23;670;SAN ANDRES SOTAVENTO;23670
23;672;SAN ANTERO;23672
23;675;SAN BERNARDO DEL VIENTO;23675
23;678;SAN CARLOS;23678
23;686;SAN PELAYO;23686
23;807;TIERRALTA;23807
23;855;VALENCIA;23855
25;001;AGUA DE DIOS;25001
25;019;ALBAN;25019
25;035;ANAPOIMA;25035
25;040;ANOLAIMA;25040
25;053;ARBELAEZ;25053
25;086;BELTRAN;25086
25;095;BITUIMA;25095
25;099;BOJACA;25099
25;120;CABRERA;25120
25;123;CACHIPAY;25123
25;126;CAJICA;25126
25;148;CAPARRAPI;25148
25;151;CAQUEZA;25151
25;154;CARMEN DE CARUPA;25154
25;168;CHAGUANI;25168
25;175;CHIA;25175
25;178;CHIPAQUE;25178
25;181;CHOACHI;25181
25;183;CHOCONTA;25183
25;200;COGUA;25200
25;214;COTA;25214
25;224;CUCUNUBA;25224
25;245;EL COLEGIO;25245
25;258;EL PEÑON;25258
25;260;EL ROSAL;25260
25;269;FACATATIVA;25269
25;279;FOMEQUE;25279
25;281;FOSCA;25281
25;286;FUNZA;25286
25;288;FUQUENE;25288
25;290;FUSAGASUGA;25290
25;293;GACHALA;25293
25;295;GACHANCIPA;25295
25;297;GACHETA;25297
25;299;GAMA;25299
25;307;GIRARDOT;25307
25;312;GRANADA;25312
25;317;GUACHETA;25317
25;320;GUADUAS;25320
25;322;GUASCA;25322
25;324;GUATAQUI;25324
25;326;GUATAVITA;25326
25;328;GUAYABAL DE SIQUIMA;25328
25;335;GUAYABETAL;25335
25;339;GUTIERREZ;25339
25;368;JERUSALEN;25368
25;372;JUNIN;25372
25;377;LA CALERA;25377
25;386;LA MESA;25386
25;394;LA PALMA;25394
25;398;LA PEÑA;25398
25;402;LA VEGA;25402
25;407;LENGUAZAQUE;25407
25;426;MACHETA;25426
25;430;MADRID;25430
25;436;MANTA;25436
25;438;MEDINA;25438
25;473;MOSQUERA;25473
25;483;NARIÑO;25483
25;486;NEMOCON;25486
25;488;NILO;25488
25;489;NIMAIMA;25489
25;491;NOCAIMA;25491
25;506;VENECIA;25506
25;513;PACHO;25513
25;518;PAIME;25518
25;524;PANDI;25524
25;530;PARATEBUENO;25530
25;535;PASCA;25535
25;572;PUERTO SALGAR;25572
25;580;PULI;25580
25;592;QUEBRADANEGRA;25592
25;594;QUETAME;25594
25;596;QUIPILE;25596
25;599;APULO;25599
25;612;RICAURTE;25612
25;645;SAN ANTONIO DEL TEQUENDAMA;25645
25;649;SAN BERNARDO;25649
25;653;SAN CAYETANO;25653
25;658;SAN FRANCISCO;25658
25;662;SAN JUAN DE RIO SECO;25662
25;718;SASAIMA;25718
25;736;SESQUILE;25736
25;740;SIBATE;25740
25;743;SILVANIA;25743
25;745;SIMIJACA;25745
25;754;SOACHA;25754
25;758;SOPO;25758
25;769;SUBACHOQUE;25769
25;772;SUESCA;25772
25;777;SUPATA;25777
25;779;SUSA;25779
25;781;SUTATAUSA;25781
25;785;TABIO;25785
25;793;TAUSA;25793
25;797;TENA;25797
25;799;TENJO;25799
25;805;TIBACUY;25805
25;807;TIBIRITA;25807
25;815;TOCAIMA;25815
25;817;TOCANCIPA;25817
25;823;TOPAIPI;25823
25;839;UBALA;25839
25;841;UBAQUE;25841
25;843;VILLA DE SAN DIEGO DE UBATE;25843
25;845;UNE;25845
25;851;UTICA;25851
25;862;VERGARA;25862
25;867;VIANI;25867
25;871;VILLAGOMEZ;25871
25;873;VILLAPINZON;25873
25;875;VILLETA;25875
25;878;VIOTA;25878
25;885;YACOPI;25885
25;898;ZIPACON;25898
25;899;ZIPAQUIRA;25899
27;001;QUIBDO;27001
27;006;ACANDI;27006
27;025;ALTO BAUDO;27025
27;050;ATRATO;27050
27;073;BAGADO;27073
27;075;BAHIA SOLANO;27075
27;077;BAJO BAUDO;27077
27;099;BOJAYA;27099
27;135;EL CANTON DEL SAN PABLO;27135
27;150;CARMEN DEL DARIEN;27150
27;160;CERTEGUI;27160
27;205;CONDOTO;27205
27;245;EL CARMEN DE ATRATO;27245
27;250;EL LITORAL DEL SAN JUAN;27250
27;361;ISTMINA;27361
27;372;JURADO;27372
27;413;LLORO;27413
27;425;MEDIO ATRATO;27425
27;430;MEDIO BAUDO;27430
27;450;MEDIO SAN JUAN;27450
27;491;NOVITA;27491
27;495;NUQUI;27495
27;580;RIO IRO;27580
27;600;RIO QUITO;27600
27;615;RIOSUCIO;27615
27;660;SAN JOSE DEL PALMAR;27660
27;745;SIPI;27745
27;787;TADO;27787
27;800;UNGUIA;27800
27;810;UNION PANAMERICANA;27810
41;001;NEIVA;41001
41;006;ACEVEDO;41006
41;013;AGRADO;41013
41;016;AIPE;41016
41;020;ALGECIRAS;41020
41;026;ALTAMIRA;41026
41;078;BARAYA;41078
41;132;CAMPOALEGRE;41132
41;206;COLOMBIA;41206
41;244;ELIAS;41244
41;298;GARZON;41298
41;306;GIGANTE;41306
41;319;GUADALUPE;41319
41;349;HOBO;41349
41;357;IQUIRA;41357
41;359;ISNOS;41359
41;378;LA ARGENTINA;41378
41;396;LA PLATA;41396
41;483;NATAGA;41483
41;503;OPORAPA;41503
41;518;PAICOL;41518
41;524;PALERMO;41524
41;530;PALESTINA;41530
41;548;PITAL;41548
41;551;PITALITO;41551
41;615;RIVERA;41615
41;660;SALADOBLANCO;41660
41;668;SAN AGUSTIN;41668
41;676;SANTA MARIA;41676
41;770;SUAZA;41770
41;791;TARQUI;41791
41;797;TESALIA;41797
41;799;TELLO;41799
41;801;TERUEL;41801
41;807;TIMANA;41807
41;872;VILLAVIEJA;41872
41;885;YAGUARA;41885
44;001;RIOHACHA;44001
44;035;ALBANIA;44035
44;078;BARRANCAS;44078
44;090;DIBULLA;44090
44;098;DISTRACCION;44098
44;110;EL MOLINO;44110
44;279;FONSECA;44279
44;378;HATONUEVO;44378
44;420;LA JAGUA DEL PILAR;44420
44;430;MAICAO;44430
44;560;MANAURE;44560
44;650;SAN JUAN DEL CESAR;44650
44;847;URIBIA;44847
44;855;URUMITA;44855
44;874;VILLANUEVA;44874
47;001;SANTA MARTA;47001
47;030;ALGARROBO;47030
47;053;ARACATACA;47053
47;058;ARIGUANI;47058
47;161;CERRO SAN ANTONIO;47161
47;170;CHIBOLO;47170
47;189;CIENAGA;47189
47;205;CONCORDIA;47205
47;245;EL BANCO;47245
47;258;EL PIÑON;47258
47;268;EL RETEN;47268
47;288;FUNDACION;47288
47;318;GUAMAL;47318
47;460;NUEVA GRANADA;47460
47;541;PEDRAZA;47541
47;545;PIJIÑO DEL CARMEN;47545
47;551;PIVIJAY;47551
47;555;PLATO;47555
47;570;PUEBLOVIEJO;47570
47;605;REMOLINO;47605
47;660;SABANAS DE SAN ANGEL;47660
47;675;SALAMINA;47675
47;692;SAN SEBASTIAN DE BUENAVISTA;47692
47;703;SAN ZENON;47703
47;707;SANTA ANA;47707
47;720;SANTA BARBARA DE PINTO;47720
47;745;SITIONUEVO;47745
47;798;TENERIFE;47798
47;960;ZAPAYAN;47960
47;980;ZONA BANANERA;47980
50;001;VILLAVICENCIO;50001
50;006;ACACIAS;50006
50;110;BARRANCA DE UPIA;50110
50;124;CABUYARO;50124
50;150;CASTILLA LA NUEVA;50150
50;223;CUBARRAL;50223
50;226;CUMARAL;50226
50;245;EL CALVARIO;50245
50;251;EL CASTILLO;50251
50;270;EL DORADO;50270
50;287;FUENTE DE ORO;50287
50;313;GRANADA;50313
50;318;GUAMAL;50318
50;325;MAPIRIPAN;50325
50;330;MESETAS;50330
50;350;LA MACARENA;50350
50;370;URIBE;50370
50;400;LEJANIAS;50400
50;450;PUERTO CONCORDIA;50450
50;568;PUERTO GAITAN;50568
50;573;PUERTO LOPEZ;50573
50;577;PUERTO LLERAS;50577
50;590;PUERTO RICO;50590
50;606;RESTREPO;50606
50;680;SAN CARLOS DE GUAROA;50680
50;683;SAN JUAN DE ARAMA;50683
50;686;SAN JUANITO;50686
50;689;SAN MARTIN;50689
50;711;VISTAHERMOSA;50711
52;001;PASTO;52001
52;019;ALBAN;52019
52;022;ALDANA;52022
52;036;ANCUYA;52036
52;051;ARBOLEDA;52051
52;079;BARBACOAS;52079
52;083;BELEN;52083
52;110;BUESACO;52110
52;203;COLON;52203
52;207;CONSACA;52207
52;210;CONTADERO;52210
52;215;CORDOBA;52215
52;224;CUASPUD;52224
52;227;CUMBAL;52227
52;233;CUMBITARA;52233
52;240;CHACHAGsI;52240
52;250;EL CHARCO;52250
52;254;EL PEÑOL;52254
52;256;EL ROSARIO;52256
52;258;EL TABLON DE GOMEZ;52258
52;260;EL TAMBO;52260
52;287;FUNES;52287
52;317;GUACHUCAL;52317
52;320;GUAITARILLA;52320
52;323;GUALMATAN;52323
52;352;ILES;52352
52;354;IMUES;52354
52;356;IPIALES;52356
52;378;LA CRUZ;52378
52;381;LA FLORIDA;52381
52;385;LA LLANADA;52385
52;390;LA TOLA;52390
52;399;LA UNION;52399
52;405;LEIVA;52405
52;411;LINARES;52411
52;418;LOS ANDES;52418
52;427;MAGsI;52427
52;435;MALLAMA;52435
52;473;MOSQUERA;52473
52;480;NARIÑO;52480
52;490;OLAYA HERRERA;52490
52;506;OSPINA;52506
52;520;FRANCISCO PIZARRO;52520
52;540;POLICARPA;52540
52;560;POTOSI;52560
52;565;PROVIDENCIA;52565
52;573;PUERRES;52573
52;585;PUPIALES;52585
52;612;RICAURTE;52612
52;621;ROBERTO PAYAN;52621
52;678;SAMANIEGO;52678
52;683;SANDONA;52683
52;685;SAN BERNARDO;52685
52;687;SAN LORENZO;52687
52;693;SAN PABLO;52693
52;694;SAN PEDRO DE CARTAGO;52694
52;696;SANTA BARBARA;52696
52;699;SANTACRUZ;52699
52;720;SAPUYES;52720
52;786;TAMINANGO;52786
52;788;TANGUA;52788
52;835;SAN ANDRES DE TUMACO;52835
52;838;TUQUERRES;52838
52;885;YACUANQUER;52885
54;001;CUCUTA;54001
54;003;ABREGO;54003
54;051;ARBOLEDAS;54051
54;099;BOCHALEMA;54099
54;109;BUCARASICA;54109
54;125;CACOTA;54125
54;128;CACHIRA;54128
54;172;CHINACOTA;54172
54;174;CHITAGA;54174
54;206;CONVENCION;54206
54;223;CUCUTILLA;54223
54;239;DURANIA;54239
54;245;EL CARMEN;54245
54;250;EL TARRA;54250
54;261;EL ZULIA;54261
54;313;GRAMALOTE;54313
54;344;HACARI;54344
54;347;HERRAN;54347
54;377;LABATECA;54377
54;385;LA ESPERANZA;54385
54;398;LA PLAYA;54398
54;405;LOS PATIOS;54405
54;418;LOURDES;54418
54;480;MUTISCUA;54480
54;498;OCAÑA;54498
54;518;PAMPLONA;54518
54;520;PAMPLONITA;54520
54;553;PUERTO SANTANDER;54553
54;599;RAGONVALIA;54599
54;660;SALAZAR;54660
54;670;SAN CALIXTO;54670
54;673;SAN CAYETANO;54673
54;680;SANTIAGO;54680
54;720;SARDINATA;54720
54;743;SILOS;54743
54;800;TEORAMA;54800
54;810;TIBU;54810
54;820;TOLEDO;54820
54;871;VILLA CARO;54871
54;874;VILLA DEL ROSARIO;54874
63;001;ARMENIA;63001
63;111;BUENAVISTA;63111
63;130;CALARCA;63130
63;190;CIRCASIA;63190
63;212;CORDOBA;63212
63;272;FILANDIA;63272
63;302;GENOVA;63302
63;401;LA TEBAIDA;63401
63;470;MONTENEGRO;63470
63;548;PIJAO;63548
63;594;QUIMBAYA;63594
63;690;SALENTO;63690
66;001;PEREIRA;66001
66;045;APIA;66045
66;075;BALBOA;66075
66;088;BELEN DE UMBRIA;66088
66;170;DOSQUEBRADAS;66170
66;318;GUATICA;66318
66;383;LA CELIA;66383
66;400;LA VIRGINIA;66400
66;440;MARSELLA;66440
66;456;MISTRATO;66456
66;572;PUEBLO RICO;66572
66;594;QUINCHIA;66594
66;682;SANTA ROSA DE CABAL;66682
66;687;SANTUARIO;66687
68;001;BUCARAMANGA;68001
68;013;AGUADA;68013
68;020;ALBANIA;68020
68;051;ARATOCA;68051
68;077;BARBOSA;68077
68;079;BARICHARA;68079
68;081;BARRANCABERMEJA;68081
68;092;BETULIA;68092
68;101;BOLIVAR;68101
68;121;CABRERA;68121
68;132;CALIFORNIA;68132
68;147;CAPITANEJO;68147
68;152;CARCASI;68152
68;160;CEPITA;68160
68;162;CERRITO;68162
68;167;CHARALA;68167
68;169;CHARTA;68169
68;176;CHIMA;68176
68;179;CHIPATA;68179
68;190;CIMITARRA;68190
68;207;CONCEPCION;68207
68;209;CONFINES;68209
68;211;CONTRATACION;68211
68;217;COROMORO;68217
68;229;CURITI;68229
68;235;EL CARMEN DE CHUCURI;68235
68;245;EL GUACAMAYO;68245
68;250;EL PEÑON;68250
68;255;EL PLAYON;68255
68;264;ENCINO;68264
68;266;ENCISO;68266
68;271;FLORIAN;68271
68;276;FLORIDABLANCA;68276
68;296;GALAN;68296
68;298;GAMBITA;68298
68;307;GIRON;68307
68;318;GUACA;68318
68;320;GUADALUPE;68320
68;322;GUAPOTA;68322
68;324;GUAVATA;68324
68;327;GsEPSA;68327
68;344;HATO;68344
68;368;JESUS MARIA;68368
68;370;JORDAN;68370
68;377;LA BELLEZA;68377
68;385;LANDAZURI;68385
68;397;LA PAZ;68397
68;406;LEBRIJA;68406
68;418;LOS SANTOS;68418
68;425;MACARAVITA;68425
68;432;MALAGA;68432
68;444;MATANZA;68444
68;464;MOGOTES;68464
68;468;MOLAGAVITA;68468
68;498;OCAMONTE;68498
68;500;OIBA;68500
68;502;ONZAGA;68502
68;522;PALMAR;68522
68;524;PALMAS DEL SOCORRO;68524
68;533;PARAMO;68533
68;547;PIEDECUESTA;68547
68;549;PINCHOTE;68549
68;572;PUENTE NACIONAL;68572
68;573;PUERTO PARRA;68573
68;575;PUERTO WILCHES;68575
68;615;RIONEGRO;68615
68;655;SABANA DE TORRES;68655
68;669;SAN ANDRES;68669
68;673;SAN BENITO;68673
68;679;SAN GIL;68679
68;682;SAN JOAQUIN;68682
68;684;SAN JOSE DE MIRANDA;68684
68;686;SAN MIGUEL;68686
68;689;SAN VICENTE DE CHUCURI;68689
68;705;SANTA BARBARA;68705
68;720;SANTA HELENA DEL OPON;68720
68;745;SIMACOTA;68745
68;755;SOCORRO;68755
68;770;SUAITA;68770
68;773;SUCRE;68773
68;780;SURATA;68780
68;820;TONA;68820
68;855;VALLE DE SAN JOSE;68855
68;861;VELEZ;68861
68;867;VETAS;68867
68;872;VILLANUEVA;68872
68;895;ZAPATOCA;68895
70;001;SINCELEJO;70001
70;110;BUENAVISTA;70110
70;124;CAIMITO;70124
70;204;COLOSO;70204
70;215;COROZAL;70215
70;221;COVEÑAS;70221
70;230;CHALAN;70230
70;233;EL ROBLE;70233
70;235;GALERAS;70235
70;265;GUARANDA;70265
70;400;LA UNION;70400
70;418;LOS PALMITOS;70418
70;429;MAJAGUAL;70429
70;473;MORROA;70473
70;508;OVEJAS;70508
70;523;PALMITO;70523
70;670;SAMPUES;70670
70;678;SAN BENITO ABAD;70678
70;702;SAN JUAN DE BETULIA;70702
70;708;SAN MARCOS;70708
70;713;SAN ONOFRE;70713
70;717;SAN PEDRO;70717
70;742;SAN LUIS DE SINCE;70742
70;771;SUCRE;70771
70;820;SANTIAGO DE TOLU;70820
70;823;TOLU VIEJO;70823
73;001;IBAGUE;73001
73;024;ALPUJARRA;73024
73;026;ALVARADO;73026
73;030;AMBALEMA;73030
73;043;ANZOATEGUI;73043
73;055;ARMERO;73055
73;067;ATACO;73067
73;124;CAJAMARCA;73124
73;148;CARMEN DE APICALA;73148
73;152;CASABIANCA;73152
73;168;CHAPARRAL;73168
73;200;COELLO;73200
73;217;COYAIMA;73217
73;226;CUNDAY;73226
73;236;DOLORES;73236
73;268;ESPINAL;73268
73;270;FALAN;73270
73;275;FLANDES;73275
73;283;FRESNO;73283
73;319;GUAMO;73319
73;347;HERVEO;73347
73;349;HONDA;73349
73;352;ICONONZO;73352
73;408;LERIDA;73408
73;411;LIBANO;73411
73;443;MARIQUITA;73443
73;449;MELGAR;73449
73;461;MURILLO;73461
73;483;NATAGAIMA;73483
73;504;ORTEGA;73504
73;520;PALOCABILDO;73520
73;547;PIEDRAS;73547
73;555;PLANADAS;73555
73;563;PRADO;73563
73;585;PURIFICACION;73585
73;616;RIOBLANCO;73616
73;622;RONCESVALLES;73622
73;624;ROVIRA;73624
73;671;SALDAÑA;73671
73;675;SAN ANTONIO;73675
73;678;SAN LUIS;73678
73;686;SANTA ISABEL;73686
73;770;SUAREZ;73770
73;854;VALLE DE SAN JUAN;73854
73;861;VENADILLO;73861
73;870;VILLAHERMOSA;73870
73;873;VILLARRICA;73873
76;001;CALI;76001
76;020;ALCALA;76020
76;036;ANDALUCIA;76036
76;041;ANSERMANUEVO;76041
76;054;ARGELIA;76054
76;100;BOLIVAR;76100
76;109;BUENAVENTURA;76109
76;111;GUADALAJARA DE BUGA;76111
76;113;BUGALAGRANDE;76113
76;122;CAICEDONIA;76122
76;126;CALIMA;76126
76;130;CANDELARIA;76130
76;147;CARTAGO;76147
76;233;DAGUA;76233
76;243;EL AGUILA;76243
76;246;EL CAIRO;76246
76;248;EL CERRITO;76248
76;250;EL DOVIO;76250
76;275;FLORIDA;76275
76;306;GINEBRA;76306
76;318;GUACARI;76318
76;364;JAMUNDI;76364
76;377;LA CUMBRE;76377
76;400;LA UNION;76400
76;403;LA VICTORIA;76403
76;497;OBANDO;76497
76;520;PALMIRA;76520
76;563;PRADERA;76563
76;606;RESTREPO;76606
76;616;RIOFRIO;76616
76;622;ROLDANILLO;76622
76;670;SAN PEDRO;76670
76;736;SEVILLA;76736
76;823;TORO;76823
76;828;TRUJILLO;76828
76;834;TULUA;76834
76;845;ULLOA;76845
76;863;VERSALLES;76863
76;869;VIJES;76869
76;890;YOTOCO;76890
76;892;YUMBO;76892
76;895;ZARZAL;76895
81;001;ARAUCA;81001
81;065;ARAUQUITA;81065
81;220;CRAVO NORTE;81220
81;300;FORTUL;81300
81;591;PUERTO RONDON;81591
81;736;SARAVENA;81736
81;794;TAME;81794
85;001;YOPAL;85001
85;010;AGUAZUL;85010
85;015;CHAMEZA;85015
85;125;HATO COROZAL;85125
85;136;LA SALINA;85136
85;139;MANI;85139
85;162;MONTERREY;85162
85;225;NUNCHIA;85225
85;230;OROCUE;85230
85;250;PAZ DE ARIPORO;85250
85;263;PORE;85263
85;279;RECETOR;85279
85;300;SABANALARGA;85300
85;315;SACAMA;85315
85;325;SAN LUIS DE PALENQUE;85325
85;400;TAMARA;85400
85;410;TAURAMENA;85410
85;430;TRINIDAD;85430
85;440;VILLANUEVA;85440
86;001;MOCOA;86001
86;219;COLON;86219
86;320;ORITO;86320
86;568;PUERTO ASIS;86568
86;569;PUERTO CAICEDO;86569
86;571;PUERTO GUZMAN;86571
86;573;LEGUIZAMO;86573
86;749;SIBUNDOY;86749
86;755;SAN FRANCISCO;86755
86;757;SAN MIGUEL;86757
86;760;SANTIAGO;86760
86;865;VALLE DEL GUAMUEZ;86865
86;885;VILLAGARZON;86885
88;001;SAN ANDRES;88001
88;564;PROVIDENCIA;88564
91;001;LETICIA;91001
91;263;EL ENCANTO;91263
91;405;LA CHORRERA;91405
91;407;LA PEDRERA;91407
91;430;LA VICTORIA;91430
91;460;MIRITI - PARANA;91460
91;530;PUERTO ALEGRIA;91530
91;536;PUERTO ARICA;91536
91;540;PUERTO NARIÑO;91540
91;669;PUERTO SANTANDER;91669
91;798;TARAPACA;91798
94;001;INIRIDA;94001
94;343;BARRANCO MINAS;94343
94;663;MAPIRIPANA;94663
94;883;SAN FELIPE;94883
94;884;PUERTO COLOMBIA;94884
94;885;LA GUADALUPE;94885
94;886;CACAHUAL;94886
94;887;PANA PANA;94887
94;888;MORICHAL;94888
95;001;SAN JOSE DEL GUAVIARE;95001
95;015;CALAMAR;95015
95;025;EL RETORNO;95025
95;200;MIRAFLORES;95200
97;001;MITU;97001
97;161;CARURU;97161
97;511;PACOA;97511
97;666;TARAIRA;97666
97;777;PAPUNAUA;97777
97;889;YAVARATE;97889
99;001;PUERTO CARREÑO;99001
99;524;LA PRIMAVERA;99524
99;624;SANTA ROSALIA;99624
99;773;CUMARIBO;99773
